"slug","doi","journal","title","eligible","subjects_taxon","subjects_source","subjects_n","proc_handling","proc_anaesthesia","proc_biosecurity","ethics_review","ethics_endpoints","ethics_statement","nutrition_diet","env_housing","env_acclimation","env_field","health_monitoring","health_injury","fate_end","behaviour_general","affect_indicators","validated_prior","validated_post"
"10-1016-j-anbehav-2026-123614","10.1016/j.anbehav.2026.123614","Animal Behaviour","MS. number: SI-25-00695 and gammas exhibit isometry. Reanalysis of previously published behavioural data revealed that alphas are the primary harem holders and the most frequent contestants, but a subset of betas also holds","Y","Y","Y","Y","Y","NA","NA","Y","N","N","N","N","NA","Y","N","N","N","Y","N","","Y"
"10-3390-aquacj6010007","10.3390/aquacj6010007","Aquaculture","Article Photoperiod-Mediated Transcriptomic Regulation of Spawning in Octopus mimus","Y","Y","Y","Y","Y","Y","N","Y","N","Y","Y","Y","Y","NA","Y","N","Y","Y","N","","Y"
"be-arag018","","Behavioral Ecology","Maternal age and density shape o spring foraging strategies in a predatory mite","Y","Y","Y","Y","Y","NA","Y","N","N","N","Y","Y","Y","NA","Y","Y","N","Y","Y","","Y"
"ecol-letters-ecology-letters-2026-c3-98rsted-integrating-physiological-rates-of-thermal-stress-and-repair-predicts-heat-failure-during","","Ecology Letters","","Y","Y","Y","Y","Y","NA","NA","N","Y","N","Y","Y","N","NA","Y","Y","N","Y","Y","","Y"
"ethology-ethology-2026-melillo-when-similar-individuals-don-t-attract-absence-of-assortative-mating-by-coloration-in-a","","Ethology","","Y","Y","Y","Y","Y","NA","N","Y","N","Y","N","Y","N","Y","N","Y","Y","Y","N","","Y"
"10-1111-1365-2435-70338research","10.1111/1365-2435.70338RESEARCH","Functional Ecology","herbivore damage more evenly across plant populations, thereby reducing the André Kessler Email: [email removed] amount of herbivory for each individual plant.","Y","Y","Y","Y","Y","NA","NA","Y","N","N","Y","Y","N","Y","Y","N","Y","Y","N","","Y"
"10-1007-s00359-025-01786-xresearch","10.1007/s00359-025-01786-xRESEARCH","Journal of Comparative Physiology A","The visual system of a nocturnal long-distance migrant, the Australian Bogong moth","Y","Y","Y","Y","Y","Y","NA","N","N","N","Y","Y","Y","Y","Y","N","Y","Y","N","","Y"
"10-1242-jeb-252279researcharticle","10.1242/jeb.252279RESEARCHARTICLE","Journal of Experimental Biology","Respiratory structures shape heat and desiccation tolerance in terrestrial isopods CamilleMorgaint1,*,SylvainPincebourde2,CamilleRault1,PierreGrev̀ e1andIsabelleMarcadé1","Y","Y","Y","Y","Y","NA","N","Y","Y","N","Y","Y","Y","NA","Y","N","N","Y","Y","","Y"
"10-1163-23524588-bja10342","10.1163/23524588-bja10342","Journal of Insects as Food and Feed","Influenceof dieton initialmatingbehaviour inthe black soldierfly (Hermetiaillucens) YvonneKortsmit ,MargaritaSklavounou,MarcelDicke* andJoopJ.A.vanLoon LaboratoryofEntomology,WageningenUniversityandResearch,Droevendaalsesteeg1,6708PB Wageningen,TheNetherlands;*[email removed]","Y","Y","Y","Y","Y","NA","Y","Y","Y","Y","Y","Y","Y","NA","Y","N","Y","Y","Y","","Y"
"10-1016-j-jip-2026-108553","10.1016/j.jip.2026.108553","Journal of Invertebrate Pathology","","Y","Y","Y","Y","Y","N","Y","N","N","N","Y","Y","N","NA","Y","Y","N","N","N","","Y"
"10-1371-opment","10.1371/opment","PLOS Biology","in the wing disc, and genetic manipulations that reduce cytoskeletal tension result in Citation: Tripathi BK, Zhou Z, Irvine KD (2026) rounder wings, whereas increasing cytoskeletal tension produces more elongated Dachsous-Fat signaling shapes the Drosophila wing through mechanical forces. PLoS Biol wings. Reduced tension is also associated with less oriented growth during devel- 24(7): e3003883. https://doi.org/10.1371/ opment. Notably, increased cytoskeletal tension partially rescues the rounder shape journal.pbio.3003883 caused by ds knockdown. These results reveal a previously unrecognized mecha- Academic Editor: Nicolas Tapon, The Francis","Y","Y","Y","Y","Y","NA","NA","N","N","N","Y","Y","Y","NA","N","N","N","Y","N","","Y"
"10-5061-dryad-pnvx0k723","10.5061/dryad.pnvx0k723","PLOS ONE","Citation: Nolan-Tamariz M, Iyengar VK (2026) size on their interactions. We found that, in pairs, females were more aggressive than Two’s company, three’s a crowd: Social males and both sexes show size-based aggression. However, sex was a stronger situations alter group dynamics in the maritime determinant of aggression in male-biased trios whereas sex and size were more earwig (Anisolabis maritima). PLoS One 21(3): e0343830. https://doi.org/10.1371/journal. important in female-biased trios. Male size did not affect courtship in pairs, as large pone.0343830 and small males were equally likely to engage in copulatory activity. The presence","Y","Y","Y","N","Y","NA","Y","Y","N","N","Y","Y","Y","NA","N","N","Y","Y","N","","Y"
"10-1098-rspb-2025-2681dragonflies","10.1098/rspb.2025.2681Dragonflies","Proceedings of the Royal Society B","Increased eutrophication influences reproductive and territorial behaviour of adult dragonflies in Andean habitats","Y","Y","Y","Y","Y","N","NA","N","N","N","NA","NA","N","Y","N","N","N","Y","N","","Y"
"10-1098-rsos-252386an","10.1098/rsos.252386An","Royal Society Open Science","be either an adaptation per se, or a collateral side-effect of adaptations that benefit males in other contexts. Here, we Subject Category: take advantage of the unique mating interactions of the Organismal and evolutionary biology sexually cannibalistic springbok mantis, Miomantis caffra, to investigate the evolution of extra-genital wounding, whereby males stab females in the abdomen with foretibial claws Subject Areas: while fighting back against cannibalistic attacks in premating behaviour, evolution struggles that lead to mating. If stabbing is adaptive, we predicted that experimentally wounded females would alter their remating behaviour or reproductive scheduling to the","Y","Y","Y","Y","Y","Y","NA","Y","N","N","Y","Y","N","NA","Y","Y","N","Y","N","","Y"
"10-1038-s41598-026-59210-6article","10.1038/s41598-026-59210-6Article","Scientific Reports","We are providing an unedited version of this manuscript to give early access to its findings. Before final publication, the manuscript will undergo further editing. Please Cite this article as: Trawiński J. note there may be errors present which affect the content, and all legal disclaimers & Skibiński R. Photoinduced apply. S transformation and aquatic toxicity of the insect repellent Icaridin. Sci If this paper is publishing under a Tran S sparent Peer Review model then Peer Rep (2026). https://doi.org/10.1038/ Review reports will publish with the fiEnal article. s41598-026-59210-6 R","Y","Y","Y","Y","Y","NA","N","N","Y","N","Y","Y","Y","NA","Y","N","N","Y","Y","","Y"
"10-1016-j-anbehav-2026-123540","10.1016/j.anbehav.2026.123540","Animal Behaviour","MS. number: A25-00315R which choosy females selected males displaying condition-dependent traits indicating high mate quality (larger/more symmetrical tufts of foreleg bristles, higher peak amplitude vibratory signals).","Y","Y","Y","Y","Y","NA","N","N","N","N","Y","Y","Y","NA","Y","N","N","Y","Y","Y",""
"10-3390-aquacj5010007","10.3390/aquacj5010007","Aquaculture","Article Black Soldier Fly Larvae Meal as a Sustainable Alternative to Fishmeal in Juvenile Swamp Eel Diets: Effects on Growth and Meat Quality NhienThiNguyen1andNamHoangTran2,*","Y","Y","Y","Y","Y","NA","NA","Y","N","N","Y","Y","Y","NA","Y","Y","N","Y","N","Y",""
"be-araf123","","Behavioral Ecology","Earwig mothers employ a suite of hygienic behaviors to defend their nest against microbial threats","Y","Y","Y","Y","Y","NA","N","N","N","N","Y","Y","Y","NA","Y","Y","N","Y","N","Y",""
"ecol-letters-ecology-letters-2025-baker-local-thermal-extremes-shape-the-nature-of-herbivore-plasticity-that-controls-plant","","Ecology Letters","","Y","Y","Y","Y","Y","N","N","N","N","N","Y","Y","Y","Y","Y","Y","N","Y","Y","Y",""
"10-1111-eth-13573","10.1111/eth.13573","Ethology","Funding: This work was partially funded through a Marie Skłodowska- Curie Postdoctoral Research Fellowship to NWB (Project ID: SCISM 101060650).","Y","Y","Y","Y","Y","NA","Y","N","N","N","Y","Y","N","NA","N","N","N","Y","Y","Y",""
"10-1111-1365-2435-70207research","10.1111/1365-2435.70207RESEARCH","Functional Ecology","Michal Knapp Email: [email removed] perature on host–parasitoid systems are biased towards immature host stages and agricultural pests, specifically Lepidoptera. Moreover, despite their relevance Funding information Fakulta Životního Prostředí, Česká for population dynamics, important life-h istory traits such as host recovery (i.e. Zemědělská Univerzita v Praze, Grant/ restoring feeding and mating behaviour after parasitism) remain largely neglected. Award Number: 2023B0024 2. In this study, we tested the effects of low (18°C), optimal (24°C) and high (30°C) Handling Editor: James Ryalls temperatures on the development, survival and body size of the braconid para- sitoid Dinocampus coccinellae and longevity and recovery probability of its adult","Y","Y","Y","Y","Y","NA","N","Y","N","N","Y","Y","Y","NA","Y","Y","Y","Y","Y","Y",""
"10-1007-s00359-025-01762-5research","10.1007/s00359-025-01762-5RESEARCH","Journal of Comparative Physiology A","Mechanosensory cephalic bristles mediate rapid flight initiation in hawkmoths","Y","Y","Y","Y","Y","Y","NA","N","N","N","Y","Y","Y","NA","N","N","Y","Y","N","Y",""
"10-1242-jeb-250861researcharticle","10.1242/jeb.250861RESEARCHARTICLE","Journal of Experimental Biology","Flexible nutrient oxidation during desiccation is associated with climate stress resistance of an invasive fly HenrikaJ.Bosua1,2,*,MarshallD.McCue3,ChristopherW.Weldon4andJohnS.Terblanche1","Y","Y","Y","Y","Y","NA","Y","N","Y","N","Y","Y","Y","NA","Y","N","Y","Y","N","Y",""
"10-1163-23524588-bja10301","10.1163/23524588-bja10301","Journal of Insects as Food and Feed","Durationof immuneprimingand changesinimmuneparametersfollowing primaryand secondaryimmunechallengesinTenebriomolitor C.Jehan ,C.Sabarly,T.Rigaud andY.Moret* LaboratoireBioGéoSciences,UMRCNRS6282,ÉquipeÉcologieÉvolutive,UniversitéBourgogneEurope,6 boulevardGabriel,21000Dijon,France;*[email removed]","Y","Y","N","N","N","N","N","N","N","N","N","N","N","NA","N","N","N","N","N","Y",""
"10-1016-j-jip-2026-108546","10.1016/j.jip.2026.108546","Journal of Invertebrate Pathology","","Y","Y","Y","Y","Y","N","Y","Y","Y","N","Y","Y","Y","NA","Y","Y","N","Y","Y","Y",""
"10-1371-journal-pbio-3003467","10.1371/journal.pbio.3003467","PLOS Biology","selection balance acting alone), we propose the question remained unanswered, Citation: Marion SB, Focht K, Hamid I, Iversen ES, John H, Manzano-Winkler B, et al. especially given that the genetic basis of most naturally occurring lethal effects is (2026) Transposable elements contribute still unknown. Given current genome-wide point mutation rate estimates, mutation- substantially to naturally occurring genetic lethality in Drosophila melanogaster. PLoS selection balance alone cannot explain some of this lethal variation in nature. How- Biol 24(3): e3003467. https://doi.org/10.1371/ ever, evolutionary biologists have historically studied genetic variation through a lens journal.pbio.3003467 of single-nucleotide variants, when in fact the spectrum of mutational changes is far","Y","Y","Y","Y","Y","NA","N","N","N","N","Y","Y","N","Y","Y","N","Y","N","N","Y",""
"10-1371-journal-pone-0335300","10.1371/journal.pone.0335300","PLOS ONE","specialized as parasitoids of ants have been recorded, although the parasitoid habit Citation: Pérez-Lachaud G, Poteaux C, Leavengood Jr JM, Lachaud J-P (2026) has evolved at least 13 times within this order. Here we report on observations that Ant parasitoidism in checkered beetles: strongly suggest that a checkered beetle species behaves as a parasitoid of ant Phyllobaenus obscurus developing inside intact brood. A total of 146 colonies or part of colonies of three species of the Ectatomma cocoons of two species of the Ectatomma ruidum species complex. PLoS One 21(3): ruidum species complex (E. ruidum sp. 2, 3, 4) were excavated in several sites along e0335300. https://doi.org/10.1371/journal. the Pacific coastal plains of Oaxaca, Mexico, during three collecting campaigns pone.0335300","Y","Y","Y","Y","Y","NA","N","Y","N","N","Y","Y","NA","Y","Y","N","Y","Y","N","Y",""
"10-1098-rspb-2025-2166a","10.1098/rspb.2025.2166a","Proceedings of the Royal Society B","wind. Measured self-induced airflow was substantial (up to 1 m s−1) and varied with body size and wingbeat kinematics, contributing significantly to thermal stability. Without this self-induced airflow, simulated bees of all sizes rapidly overheated across a range of environmental conditions, Subject Category: highlighting the importance of this overlooked heat-loss mechanism in Development and physiology the heat budget of flying insects. Our findings suggest that shifts in wingbeat kinematics required for altered force production not only affect energetics and, therefore, heat production, but also alter the induced","Y","Y","Y","Y","Y","N","N","Y","N","Y","Y","Y","N","NA","N","N","N","Y","N","Y",""
"10-1098-rsos-250791","10.1098/rsos.250791","Royal Society Open Science","appropriate setting to explore clinal phenotypic variation and the role of gene flow. We used Bayesian generalized Subject Category: linear mixed models to investigate body size variation along ecology, conservation, and global change biology genetically connected (elevation) and disrupted (latitude) gradients in three flightless alpine grasshopper species endemic to the Southern Alps (Kā Tiritiri o Te Moana) Subject Areas: of New Zealand (Aotearoa), and test whether variation ecology, evolution relates to geographic differences in environmental conditions. We found latitudinal size clines in all species, but little","Y","Y","Y","Y","Y","NA","N","Y","N","N","N","N","N","Y","N","N","N","N","N","Y",""
"sci-reports-s41598-026-42884-3","","Scientific Reports","OPEN Fitness costs of sublethal cyantraniliprole exposure: life- history trade-offs in the non-target insect Musca domestica","Y","Y","Y","Y","Y","NA","N","N","N","N","Y","Y","N","NA","Y","N","N","Y","N","Y",""
"10-1016-j-anbehav-2026-123545","10.1016/j.anbehav.2026.123545","Animal Behaviour","MS. number: 25-00557R monogynous colonies (MM supergene genotype) with males originating either from monogynous col- onies (M haplotype) or polygynous colonies (P haplotype). We then allowed queens to establish","Y","Y","Y","Y","Y","NA","Y","Y","Y","Y","Y","Y","N","Y","Y","Y","Y","Y","Y","",""
"10-1016-j-anbehav-2026-123556","10.1016/j.anbehav.2026.123556","Animal Behaviour","MS. number: 25-00350R bee, Apis mellifera, was compared using two laboratory assays. In a visual reversal learning test, elementary discrimination to gauge learning ability was assessed, and then the reward condition to","Y","Y","Y","Y","Y","NA","NA","Y","N","Y","Y","Y","Y","Y","N","N","Y","Y","N","",""
"10-1016-j-anbehav-2026-123561","10.1016/j.anbehav.2026.123561","Animal Behaviour","MS. number: A25-00587R diates P. fuscatus social interactions and social experience influences how individual face learning de- velops. Wasps were placed in one of three treatment groups: social with foraging experience, social","Y","Y","Y","Y","Y","Y","NA","N","N","Y","Y","Y","Y","Y","N","N","Y","Y","N","",""
"10-1016-j-anbehav-2026-123579","10.1016/j.anbehav.2026.123579","Animal Behaviour","MS. number: SI-25-00494R interaction, relates to colony hunger and affects the behaviour of foragers and food recipients. We found that trophallaxis groups were larger when colonies were hungry, resulting in rapid food dissemination","Y","Y","Y","Y","Y","NA","Y","Y","Y","Y","Y","Y","Y","NA","Y","Y","Y","Y","Y","",""
"10-1016-j-anbehav-2026-123587","10.1016/j.anbehav.2026.123587","Animal Behaviour","MS. number: 25-00249R response to the playback of loud male calls in two behavioural states (calling and silent). One group was exposed to the playback before initiating calling (silent males) and another group after they had begun","Y","Y","Y","Y","Y","Y","NA","Y","N","Y","Y","Y","Y","NA","N","N","Y","Y","Y","",""
"10-1016-j-anbehav-2026-123606","10.1016/j.anbehav.2026.123606","Animal Behaviour","MS. number: 25-00580R receptors and disrupts metabotropic inhibitory signalling. Bees were orally administered gabapentin (24 mg/mL), saclofen (0.16 mg/mL) or a sucrose-only control and exposed to a noxious stimulus (a tunnel","Y","Y","Y","Y","Y","Y","NA","N","N","Y","Y","Y","Y","NA","Y","N","Y","Y","Y","",""
"10-1016-j-anbehav-2026-123607","10.1016/j.anbehav.2026.123607","Animal Behaviour","MS. number: 25-00478R latency to re-emerge from the burrow increased and the distance from the burrow at which crickets settled decreased. Crickets also remained closer to the burrow in response to stronger stimuli, consis-","Y","Y","Y","Y","Y","NA","NA","Y","Y","N","NA","NA","NA","Y","Y","Y","Y","Y","Y","",""
"10-1016-j-anbehav-2026-123619","10.1016/j.anbehav.2026.123619","Animal Behaviour","MS. number: A25-00669R morphological traits in males and females predict mating success, whether individual traits influence courtship effort and whether these traits differ between the sexes. We found that higher female wing","Y","Y","Y","Y","Y","Y","NA","Y","N","Y","Y","Y","Y","NA","N","N","Y","Y","N","",""
"10-3390-aquacj5030016","10.3390/aquacj5030016","Aquaculture","Communication Evaluation of Individual Rearing of a Genetically Improved Giant River Prawn Macrobrachium rosenbergii Broodstock as an Alternate Approach to Group Rearing During the Post-Selection Rearing Phase TanishaNayak1,DebabrataPanda2,NamitaNaik2,SantoshKumarUdgata1,DharitriChoudhury1,SovanSahu2","Y","Y","Y","Y","Y","NA","N","Y","N","N","Y","Y","N","NA","Y","N","N","Y","Y","",""
"10-3390-aquacj5040019richfood","10.3390/aquacj5040019richfood","Aquaculture","Article Evaluation of the Effects of Different Dietary Doses of an Anti-Mycotoxin Additive for Pacific White Shrimp (Litopenaeus vannamei)","Y","Y","Y","Y","Y","N","Y","Y","N","N","Y","Y","Y","NA","Y","Y","N","Y","Y","",""
"10-3390-aquacj5040020","10.3390/aquacj5040020","Aquaculture","BriefReport New Evidence of the Freshwater Sponge Radiospongilla inesi (Nicacio & Pinheiro, 2011) in Net Cage Aquaculture Systems: A Case Study from Southeastern Brazil DaercyMariaMonteirodeRezendeAyroza1 ,MauroParolin2 ,BrunaLarissaMaganhe3,*and EduardoGomesSanches1 1 FisheriesInstitute,AvRodriguesAlves1252,VilaMariana,SãoPaulo04014-002,Brazil 2 PaleoenvironmentalStudiesLaboratory,StateUniversityofMaringá,CampoMourãoCampus, Av.ComendadorNorbertoMarcondes733,Centro,CampoMourão87302-060,Brazil 3 PostgraduatePrograminDiversityandEvolution,FederalUniversityofABC,Al.daUniversidade,","Y","Y","Y","Y","Y","NA","N","Y","N","N","NA","N","N","Y","N","N","Y","N","N","",""
"10-3390-aquacj5040024","10.3390/aquacj5040024","Aquaculture","Article Impact of Global Warming on the Management of Mussel Fouling: Can the Use of Different Air Exposure Facilities Mitigate the Effects of Temperature? A Preliminary Experimental Trial in the Mar Piccolo of Taranto (Mediterranean, Ionian Sea) GiuseppePortacci,IsabellaParlapiano*,MarcellaNarracci*andAntonellaDiLeo NationalResearchCouncil,WaterResearchInstitute(CNR-IRSA),74123Taranto,Italy;","Y","Y","Y","Y","Y","NA","NA","Y","N","N","N","Y","N","Y","Y","N","Y","Y","Y","",""
"10-3390-aquacj6020012","10.3390/aquacj6020012","Aquaculture","Article Improving Pre-Fattening Protocols for Manila Clam (Ruditapes philippinarum): A Technical Comparison of Upwelling and Flat-Bottom Rearing Systems LorenzoZanella1,* ,GiulioRova2,MarcoMorin2,MatteoMartellato2,EmanueleRossetti3andRenatoPalazzi2,* 1 IndependentResearcher,30173Venezia,Italy 2 AgenziaVenetaperl’InnovazionenelSettorePrimario—VenetoAgricoltura,Vialedell’Università14, 35020Legnaro,Italy;[email removed](G.R.); [email removed](MarcoMorin)","Y","Y","Y","Y","Y","NA","Y","Y","N","Y","Y","Y","N","Y","Y","Y","N","Y","Y","",""
"10-3390-aquacj6020014","10.3390/aquacj6020014","Aquaculture","Article Influence of Shrimp Farm Effluents on the Biological Performance of the Pacific Oyster Magallana gigas in the Gulf of California","Y","Y","Y","Y","Y","NA","N","Y","N","Y","N","Y","N","Y","Y","Y","Y","N","N","",""
"10-3390-aquacj6030023","10.3390/aquacj6030023","Aquaculture","Article Ammonia Excretion Dynamics in Juvenile and Adult Freshwater Prawn Macrobrachium caementarius Reared Under Recirculating Aquaculture Conditions","Y","Y","Y","Y","Y","NA","Y","Y","N","Y","Y","Y","Y","NA","Y","Y","N","Y","Y","",""
"10-3390-aquacj6030025","10.3390/aquacj6030025","Aquaculture","Article Effects of Different Soybean Protein Sources on Growth Performance, Feed Utilization Efficiency, and Gut Microbiota of Pacific White Shrimp (Litopenaeus vannamei) in Green Water and Clear Water Systems AakritiKhanal* ,KhanhQ.Nguyen ,CristhianS.Andres ,AdelaN.Araujo,TrentonL.Corby, MelanieRhodes ,TimothyJ.Bruce andD.AllenDavis SchoolofFisheries,Aquaculture,andAquaticSciences,AuburnUniversity,Auburn,AL36849,USA;","Y","Y","Y","Y","Y","NA","N","Y","N","N","Y","Y","Y","NA","Y","N","Y","N","N","",""
"be-arag010","","Behavioral Ecology","High detectability costs select weak warning signals in chemically defended gregarious prey","Y","Y","Y","Y","Y","NA","Y","N","Y","N","Y","Y","Y","Y","Y","Y","Y","Y","Y","",""
"be-arag019","","Behavioral Ecology","Social information use across trophic guilds: foraging bumble bees learn from lady beetles","Y","Y","Y","Y","Y","N","N","N","N","N","Y","Y","Y","NA","N","N","N","Y","N","",""
"be-arag029","","Behavioral Ecology","Wild crickets can adjust escaping speed under varying predation cues","Y","Y","Y","Y","Y","NA","NA","N","N","N","NA","NA","NA","Y","N","N","N","Y","N","",""
"be-arag053","","Behavioral Ecology","Plasticity of vibratory courtship in response to nuptial gi quality in male Pisaura mirabilis","Y","Y","N","Y","Y","N","Y","N","N","N","Y","Y","N","NA","N","N","Y","Y","N","",""
"be-arag054","","Behavioral Ecology","Male bumblebees sustain mate-seeking by adjusting foraging to environmental conditions","Y","Y","Y","Y","Y","NA","Y","N","N","N","Y","Y","Y","NA","N","Y","N","Y","N","",""
"be-arag055","","Behavioral Ecology","Feeding ecology and behavioral adaptations shape injury patterns in central European ants","Y","Y","Y","Y","Y","NA","N","N","N","N","N","N","NA","Y","Y","Y","N","Y","N","",""
"be-arag071","","Behavioral Ecology","Avoidance of parasitic fungi and nematode threats by Tribolium castaneum","Y","Y","Y","Y","Y","Y","Y","N","N","N","Y","Y","Y","NA","Y","Y","N","Y","Y","",""
"10-1093-beheco-arag072-8712073","10.1093/beheco/arag072/8712073","Behavioral Ecology","Assessment strategy varies with resource ownership, individual and species identity in mantis shrimp","Y","Y","Y","Y","Y","NA","Y","Y","N","N","Y","Y","Y","NA","N","N","N","Y","N","",""
"10-1111-ele-70401","10.1111/ele.70401","Ecology Letters","","Y","Y","Y","Y","Y","N","NA","Y","N","N","N","N","NA","Y","N","N","N","N","N","",""
"10-1111-ele-70416","10.1111/ele.70416","Ecology Letters","","Y","Y","Y","Y","N","NA","N","N","N","N","N","Y","N","NA","Y","N","N","N","N","",""
"ecol-letters-ecology-letters-2026-lue-warming-reduces-parasitoid-success-and-narrows-their-diet-breadth","","Ecology Letters","","Y","Y","Y","Y","Y","NA","N","Y","N","N","Y","Y","N","NA","Y","Y","N","Y","N","",""
"ecol-letters-ecology-letters-2026-mitesser-forest-heterogeneity-by-chain-saw-how-between-e2-80-90patch-variation-in-old-growth-attributes","","Ecology Letters","Ecology Letters LETTER OPEN ACCESS Forest Heterogeneity by Chain Saw: How Between- Patch Variation in Old Growth Attributes Changes the Metacommunities of Beetles","Y","Y","Y","Y","Y","NA","N","N","N","N","NA","NA","NA","Y","N","N","N","N","N","",""
"10-1111-ele-70377","10.1111/ele.70377","Ecology Letters","","Y","Y","Y","Y","Y","NA","N","N","N","N","Y","Y","Y","NA","Y","Y","N","Y","Y","",""
"ecol-letters-ecology-letters-2026-pluta-multiple-key-hosts-and-network-structure-shape-viral-prevalence-across-multispecies","","Ecology Letters","","Y","Y","Y","Y","Y","N","N","N","N","N","NA","N","N","Y","N","N","N","Y","N","",""
"ecol-letters-ecology-letters-2026-proesmans-drivers-of-viral-prevalence-in-landscape-e2-80-90scale-pollinator-networks-across-europe","","Ecology Letters","Ecology Letters LETTER OPEN ACCESS Drivers of Viral Prevalence in Landscape- Scale Pollinator Networks Across Europe: Honey Bee Viral Density, Niche Overlap With This Reservoir Host and Network Architecture","Y","Y","Y","Y","Y","NA","N","N","N","N","N","N","NA","Y","N","N","Y","Y","N","",""
"ecol-letters-ecology-letters-2026-zalewska-niche-breadth-and-olfactory-context-shape-informed-passive-dispersal","","Ecology Letters","","Y","Y","Y","Y","Y","NA","Y","N","N","N","Y","Y","Y","NA","N","N","N","Y","N","",""
"ethology-ethology-2025-flaskamp-sex-e2-80-90specific-control-and-incomplete-matings-sperm-removal-behavior-in-a-bush-cricket-species","","Ethology","","Y","Y","Y","Y","Y","NA","N","Y","N","N","Y","Y","Y","Y","Y","Y","Y","Y","Y","",""
"10-1111-eth-70042","10.1111/eth.70042","Ethology","","Y","Y","Y","Y","Y","NA","N","Y","N","N","Y","Y","Y","NA","N","N","N","Y","Y","",""
"ethology-ethology-2025-kryger-plastic-behavioral-responses-to-ambient-relative-humidity-influence-aggregation-in-a-large","","Ethology","Funding: This work was supported by the Department of Biological Sciences, Binghamton University.","Y","Y","Y","Y","Y","NA","Y","Y","N","N","Y","Y","Y","NA","N","N","N","Y","N","",""
"ethology-ethology-2026-bowers-the-effect-of-heterospecific-song-and-anthropogenic-sound-on-the-development-of-life-history","","Ethology","","Y","Y","Y","Y","Y","NA","N","N","N","N","Y","Y","Y","N","Y","Y","N","Y","N","",""
"ethology-ethology-2026-caro-colour-polymorphism-in-coconut-crabs-is-under-relaxed-selection-from-conspecifics","","Ethology","","Y","Y","Y","Y","Y","NA","NA","Y","N","N","Y","NA","NA","Y","N","N","NA","Y","N","",""
"10-1111-eth-70064","10.1111/eth.70064","Ethology","","Y","Y","Y","Y","Y","N","N","Y","Y","Y","Y","Y","Y","NA","N","Y","Y","Y","Y","",""
"10-1111-eth-70083","10.1111/eth.70083","Ethology","","Y","Y","Y","Y","Y","NA","NA","Y","N","Y","Y","Y","Y","Y","N","N","Y","Y","Y","",""
"ethology-ethology-2026-t-c3-b3th-visual-cues-can-alter-the-behavioural-responses-of-dragonfly-larvae-to-chemical-alarm-cues","","Ethology","","Y","Y","Y","Y","Y","Y","NA","Y","N","Y","Y","Y","Y","NA","Y","N","Y","Y","Y","",""
"10-1111-1365-2435-70311research","10.1111/1365-2435.70311RESEARCH","Functional Ecology","Sponges are celebrated heterotrophs but also key primary producers on changing coral reefs","Y","Y","Y","Y","Y","N","NA","Y","N","N","N","Y","Y","Y","N","N","N","N","N","",""
"10-1111-1365-2435-70353research","10.1111/1365-2435.70353RESEARCH","Functional Ecology","Rafael Cabral Borges Abstract Email: [email removed] 1. Understanding the drivers of bee beta diversity across pristine environments in Funding information the Amazon is critical for ensuring biodiversity conservation, restoration, sustain- Instituto Tecnológico Vale, Grant/Award able land use planning and economic development. Number: R100603.83.CN01 2. Here, we aim to reveal the patterns of among- site variation in bee communities Handling Editor: Sandra Varga between pristine open habitats and pristine forest formations in the Amazon using standardized bee surveys across sites and trait-b ased analyses (body size, social- ity, nesting, buzz pollination and colour). We quantified dissimilarity patterns and evaluated environmental filtering effects to test (1) whether functional diversity can","Y","Y","Y","Y","Y","NA","N","Y","N","N","N","N","NA","Y","N","N","Y","Y","N","",""
"10-1111-1365-2435-70316research","10.1111/1365-2435.70316RESEARCH","Functional Ecology","Significant resource niche overlap between competing parasitoids does not prevent their successful co-existence","Y","Y","Y","Y","Y","Y","N","Y","N","N","Y","Y","N","Y","Y","N","Y","Y","N","",""
"10-1111-1365-2435-70334research","10.1111/1365-2435.70334RESEARCH","Functional Ecology","Pollinator diversity and host specificity in threatened Encephalartos cycads and their implications for co- extinction and species recovery","Y","Y","Y","Y","Y","NA","NA","Y","N","N","NA","NA","NA","Y","N","N","N","Y","N","",""
"10-1111-1365-2435-70259research","10.1111/1365-2435.70259RESEARCH","Functional Ecology","Bandwagon effects in a floral market: Early pollinator acquisition offsets colour disadvantages in less attractive flowers","Y","Y","Y","Y","Y","NA","Y","Y","N","N","Y","Y","Y","NA","N","N","N","Y","Y","",""
"10-1111-1365-2435-70294research","10.1111/1365-2435.70294RESEARCH","Functional Ecology","Francisco E. Fontúrbel Abstract Email: [email removed] 1. Pollinators, especially bees, are in global decline, threatening biodiversity and Funding information food security. While intensive agriculture is a primary driver, its impact on bee Agencia Nacional de Investigación y functional diversity—particularly in the diverse Mediterranean region—remains Desarrollo, Grant/Award Number: ANID/ PIA/ACT192027 understudied. Understanding how natural habitat loss in farmed landscapes affects functional diversity is crucial for developing land management that","Y","Y","Y","Y","Y","NA","N","Y","N","N","NA","NA","NA","Y","N","N","Y","Y","N","",""
"10-1111-1365-2435-70347research","10.1111/1365-2435.70347RESEARCH","Functional Ecology","High nitrogen loading impacts the temperature- size rule and heat tolerance in a nettle- feeding butterfly","Y","Y","Y","Y","Y","NA","NA","Y","N","Y","Y","Y","Y","NA","Y","N","N","Y","Y","",""
"10-1111-1365-2435-70359research","10.1111/1365-2435.70359RESEARCH","Functional Ecology","Endogenous colony dormancy shapes seasonal cold tolerance in temperate ants","Y","Y","Y","Y","Y","NA","Y","Y","N","N","Y","Y","Y","NA","Y","Y","Y","Y","Y","",""
"10-1007-s00359-025-01769-yresearch","10.1007/s00359-025-01769-yRESEARCH","Journal of Comparative Physiology A","Hawkmoths can smell with grooming organs on their legs","Y","Y","Y","Y","Y","N","NA","N","N","N","Y","Y","Y","NA","N","N","Y","Y","N","",""
"10-1007-s00359-025-01771-4research","10.1007/s00359-025-01771-4RESEARCH","Journal of Comparative Physiology A","Divergent sensory transcriptomic profiles in positive and negative learning in Bicyclus Anynana butterflies","Y","Y","Y","Y","Y","Y","NA","Y","N","N","Y","Y","Y","NA","N","N","Y","Y","N","",""
"10-1007-s00359-025-01775-0research","10.1007/s00359-025-01775-0RESEARCH","Journal of Comparative Physiology A","Neurons sensitive to sky compass signals in the brain of the Madeira cockroach Rhyparobia maderae","Y","Y","Y","Y","Y","Y","NA","Y","N","N","N","Y","N","NA","N","N","Y","N","N","",""
"10-1007-s00359-025-01787-wresearch","10.1007/s00359-025-01787-wRESEARCH","Journal of Comparative Physiology A","The evolution of lepidopteran brain morphology","Y","Y","Y","Y","Y","Y","NA","Y","N","N","Y","Y","Y","Y","Y","N","Y","Y","N","",""
"10-1007-s00359-026-01796-3research","10.1007/s00359-026-01796-3RESEARCH","Journal of Comparative Physiology A","Neuronal processing of complex sounds in the prothoracic ganglion of a bushcricket","Y","Y","N","Y","Y","Y","N","Y","N","N","N","Y","N","NA","N","N","N","N","N","",""
"10-1007-s00359-026-01799-0research","10.1007/s00359-026-01799-0RESEARCH","Journal of Comparative Physiology A","Does fly larval cooperative behavior protect against parasitic wasps?","Y","Y","Y","Y","Y","Y","NA","N","N","N","Y","Y","Y","NA","Y","Y","N","Y","Y","",""
"10-1007-s00359-026-01815-3research","10.1007/s00359-026-01815-3RESEARCH","Journal of Comparative Physiology A","Attachment ability and mating behaviour of the black soldier fly Hermetia illucens (Diptera: Stratiomyidae)","Y","Y","Y","Y","Y","Y","N","N","N","N","Y","Y","Y","NA","N","N","N","Y","N","",""
"10-1007-s00359-026-01832-2research","10.1007/s00359-026-01832-2RESEARCH","Journal of Comparative Physiology A","Bioamine disruption leads to memory deficits in the whip spider, Phrynus marginemaculatus","Y","Y","Y","Y","Y","Y","NA","Y","N","Y","Y","Y","N","NA","Y","Y","N","Y","Y","",""
"10-1242-jeb-251126researcharticle","10.1242/jeb.251126RESEARCHARTICLE","Journal of Experimental Biology","Timing impacts responses to color and odor in a model insect, the bumblebee Bombus impatiens KatelynGraver1,2,JessicaSommer1,3,VijayRao1,3,GiovanniTafuri1,4andJordannaD.H.Sprayberry1,5,*","Y","Y","Y","Y","Y","NA","N","Y","N","Y","Y","Y","Y","NA","N","N","Y","Y","N","",""
"10-1242-jeb-251708researcharticle","10.1242/jeb.251708RESEARCHARTICLE","Journal of Experimental Biology","Halocline boundary layer restricts the vertical distribution of the box jellyfish Tripedalia cystophora Jan-FrederikFreiberg1,*,NielsRö hrdanz2,HermannKohlstedt1andJanBielecki1,*","Y","Y","Y","Y","Y","NA","NA","N","N","N","Y","Y","Y","NA","N","N","N","Y","Y","",""
"10-1242-jeb-251716researcharticle","10.1242/jeb.251716RESEARCHARTICLE","Journal of Experimental Biology","Acute stress modulates early visual perception and decision-making speed in bees OlgaProcenko*,‡andVivekNityananda‡","Y","Y","Y","Y","Y","NA","NA","Y","N","Y","Y","Y","N","NA","N","N","Y","Y","Y","",""
"10-1242-jeb-251928researcharticle","10.1242/jeb.251928RESEARCHARTICLE","Journal of Experimental Biology","Extinction, spontaneous recovery and ABA renewal of Pavlovian conditioning in the cricket Gryllus bimaculatus BeatrizÁlvarez1,*,‡,KantaTerao2,3,*,YukihisaMatsumoto4andMakotoMizunami5","Y","Y","Y","Y","Y","NA","NA","N","N","N","Y","Y","Y","NA","N","N","N","Y","N","",""
"10-1242-jeb-252004researcharticle","10.1242/jeb.252004RESEARCHARTICLE","Journal of Experimental Biology","A balanced omega-6:3 fatty acid diet can shield honey bee cognition from pesticide impairment AriaW.Loduca1,*,SharoniShafir2andJamesC.Nieh1","Y","Y","Y","Y","Y","Y","NA","N","N","N","Y","Y","Y","NA","Y","N","Y","Y","Y","",""
"10-1242-jeb-252021researcharticle","10.1242/jeb.252021RESEARCHARTICLE","Journal of Experimental Biology","Colour preference and foraging constancy in the Asian giant honeybee Apis dorsata SudeepR,SachinBhaskarandHemaSomanathan*","Y","Y","Y","Y","Y","Y","NA","N","N","N","Y","Y","Y","Y","N","N","Y","Y","N","",""
"10-1242-jeb-252116researcharticle","10.1242/jeb.252116RESEARCHARTICLE","Journal of Experimental Biology","Adults of the marine annelid Platynereis dumerilii chemically stunt the growth of juveniles VictoriaC.Moris1,2,*,‡,PaulaSchirrmacher1,*,SophiePotter1,MarthaTickle1,RyanSquire1and Jö rgD.Hardege1,‡","Y","Y","Y","Y","Y","NA","Y","Y","N","N","Y","Y","N","Y","Y","Y","N","Y","N","",""
"10-1242-jeb-252460researcharticle","10.1242/jeb.252460RESEARCHARTICLE","Journal of Experimental Biology","Early photoperiodic cues modulate capacity for adult cold tolerance in the yellow fever mosquito Aedes aegypti","Y","Y","Y","Y","Y","NA","Y","N","N","N","Y","Y","Y","NA","N","Y","N","Y","Y","",""
"10-1163-23524588-bja10350","10.1163/23524588-bja10350","Journal of Insects as Food and Feed","Purplecorncob asa sustainablefeedingredientforTenebriomolitor: effects ongrowth, nutritionalcomposition,bioactivityandproteindigestibility","Y","Y","N","Y","N","NA","N","N","N","N","Y","Y","N","NA","N","N","N","N","N","",""
"10-1163-23524588-bja10335","10.1163/23524588-bja10335","Journal of Insects as Food and Feed","Developmentof high-efficiencyand eco-friendlytrappingtechnologyfor Chlaeniusbioculatus in DanBeanbreedingareas","Y","Y","N","N","Y","NA","N","N","N","N","NA","NA","NA","Y","N","N","N","Y","N","",""
"10-1163-23524588-bja10330","10.1163/23524588-bja10330","Journal of Insects as Food and Feed","Impactof deoxynivalenolonfattyacid andaminoacid profiles of black soldierflylarvae(Hermetiaillucens) Z.Xiao,G.Mei,H.LiuandS.Shao* GuelphResearchandDevelopmentCentre,AgricultureandAgri-FoodCanada,Guelph,Ontario,Canada; *[email removed]","Y","Y","Y","Y","Y","NA","N","N","N","N","Y","Y","Y","NA","Y","N","Y","N","N","",""
"10-1163-23524588-bja10334","10.1163/23524588-bja10334","Journal of Insects as Food and Feed","Colourimetriccharacterizationof naturally-colouredcocoonsin a silkworm germplasmcollection","Y","Y","Y","Y","Y","NA","N","N","N","N","Y","N","N","NA","N","N","N","N","N","",""
"10-1163-23524588-bja10347","10.1163/23524588-bja10347","Journal of Insects as Food and Feed","Influenceof the wastesubstrateandextractionmethodonthe lipidprofile of black soldierfly(Hermetiaillucens)","Y","Y","Y","N","N","Y","NA","Y","N","N","Y","Y","N","NA","N","N","Y","N","N","",""
"10-1163-23524588-bja10354","10.1163/23524588-bja10354","Journal of Insects as Food and Feed","Nutritionalcompositionof threeAotearoaNew Zealandcaterpillarspecies: Impactof dietand lifestageon aminoacid andminerals","Y","Y","Y","Y","Y","Y","N","Y","N","Y","Y","Y","Y","Y","Y","N","Y","Y","N","",""
"10-1163-23524588-bja10312","10.1163/23524588-bja10312","Journal of Insects as Food and Feed","A chemicallydefinedovipositionattractantand repellentof black soldier flies(Hermetiaillucens)","Y","Y","Y","Y","Y","Y","Y","N","N","N","Y","Y","N","NA","N","N","Y","Y","N","",""
"10-1163-23524588-bja10326","10.1163/23524588-bja10326","Journal of Insects as Food and Feed","Effectsof differentrearingsubstrateonnutritional,functional,and antioxidantpropertiesof black soldierflylarvaedefattedpowder","Y","Y","Y","Y","Y","N","N","N","N","N","Y","Y","N","NA","N","N","Y","N","N","",""
"10-1016-j-jip-2026-108548","10.1016/j.jip.2026.108548","Journal of Invertebrate Pathology","","Y","Y","Y","Y","Y","NA","Y","N","N","N","Y","Y","Y","Y","Y","Y","N","Y","Y","",""
"10-1016-j-jip-2026-108549","10.1016/j.jip.2026.108549","Journal of Invertebrate Pathology","","Y","Y","Y","Y","Y","N","Y","N","N","N","Y","Y","NA","NA","N","N","N","N","N","",""
"10-1016-j-jip-2026-108560","10.1016/j.jip.2026.108560","Journal of Invertebrate Pathology","","Y","Y","Y","Y","Y","Y","N","N","N","N","N","Y","N","Y","N","N","Y","N","N","",""
"10-1016-j-jip-2026-108575","10.1016/j.jip.2026.108575","Journal of Invertebrate Pathology","","Y","Y","Y","Y","Y","Y","N","N","N","N","Y","Y","Y","NA","Y","Y","Y","N","N","",""
"10-1016-j-jip-2026-108608","10.1016/j.jip.2026.108608","Journal of Invertebrate Pathology","","Y","Y","Y","Y","Y","Y","N","N","N","N","Y","Y","N","NA","N","Y","N","N","N","",""
"10-1016-j-jip-2026-108611","10.1016/j.jip.2026.108611","Journal of Invertebrate Pathology","","Y","Y","Y","Y","Y","NA","N","N","N","N","NA","NA","NA","Y","N","N","Y","N","N","",""
"10-1016-j-jip-2026-108621","10.1016/j.jip.2026.108621","Journal of Invertebrate Pathology","","Y","Y","Y","Y","Y","NA","N","N","N","N","Y","Y","N","NA","Y","N","N","Y","Y","",""
"10-1016-j-jip-2026-108680","10.1016/j.jip.2026.108680","Journal of Invertebrate Pathology","","Y","Y","Y","Y","Y","NA","N","N","N","N","N","N","NA","Y","Y","N","N","N","N","",""
"10-1371-journal-flight","10.1371/journal.flight","PLOS Biology","Citation: Le Roy C, Bharathi I, Engels T, high-speed stereoscopic videography with computational fluid dynamics (CFD) to Muijres FT (2026) Dipteran flight diversity is characterize wingbeat kinematics and aerodynamic performance, respectively. Our shaped by aerodynamic constraints, scaling, results reveal that morphology is strongly structured by phylogeny, whereas wingbeat and evolutionary trade-offs. PLoS Biol 24(7): e3003473. https://doi.org/10.1371/journal. kinematics are broadly conserved across Diptera, reflecting dominant aerodynamic pbio.3003473 constraints. Two early-diverged lineages, Culicomorpha (mosquitoes and midges) Academic Editor: Abderrahman Khila, Centre and Tipulomorpha (crane flies), exhibit strikingly divergent kinematics and aerody-","Y","Y","Y","Y","Y","Y","NA","N","N","N","N","Y","N","Y","N","N","Y","Y","N","",""
"10-1371-journal-pbio-3003571to","10.1371/journal.pbio.3003571to","PLOS Biology","A through-gut is one of the major features of bilaterians. Comparative work among Citation: Vianello SD, Lin C-Y, Pinem WC, Li bilaterians has identified common molecular mechanisms during early gut pattern- H-R, Li K-L, Sonia G, et al. (2026) Comparative transcriptomics reveal the common ing, but the primordial gut later often undergoes different degrees of reorganization anteroposterior molecular blueprint of adult in each lineage to form a fully differentiated adult gut with specializations along its bilaterian guts. PLoS Biol 24(1): e3003571. anteroposterior (AP) axis. Yet, how the conserved embryonic gut AP pattern relates https://doi.org/10.1371/journal.pbio.3003571","Y","Y","Y","Y","Y","Y","N","Y","N","N","Y","Y","N","Y","Y","N","Y","Y","N","",""
"10-1371-journal-nasonia","10.1371/journal.Nasonia","PLOS Biology","Citation: Ferree PM, Cummings J, Garman countering their accumulation in the genome to harmful levels. While previous studies E, Solomon J, Martinez KS (2026) A male- have elucidated mechanistic aspects of B drive, little is known about drag or other transmitted B chromosome undergoes strong meiotic drag in females of the jewel factors that govern the inheritance of these selfish genetic elements. Here, we exam- wasp Nasonia vitripennis. PLoS Biol 24(1): ined the inheritance of Paternal Sex Ratio (PSR), a single-copy B in the jewel wasp, e3003599. https://doi.org/10.1371/journal. Nasonia vitripennis, which is transmitted paternally to offspring. PSR drives by con- pbio.3003599 verting female-destined embryos into PSR-transmitting males. Using genetic manip-","Y","Y","Y","N","Y","N","N","N","N","N","Y","Y","N","NA","Y","N","N","Y","N","",""
"10-1371-journal-interspecific","10.1371/journal.interspecific","PLOS Biology","Citation: Tomihara K, Pinharanda A, Kwon Closely related species often exhibit distinct morphologies that can contribute to YM, Taverner AM, Kors LS, Aardema ML, et al. species-specific adaptations and reproductive isolation. One example is Lepidopteran (2026) Cis-regulatory evolution of Wnt family genes contributes to a morphological difference caterpillar appendages, such as the “caudal horn” of Bombycoidea moths, which between silkworm species. PLoS Biol 24(3): have evolved substantial morphological diversity among species in this group. Using e3003605. https://doi.org/10.1371/journal. interspecific crosses, we identify the genetic basis of the caudal horn size difference pbio.3003605 between Bombyx mori and its closest relative Bombyx mandarina. The three larg-","Y","Y","Y","Y","Y","N","NA","N","N","N","Y","Y","N","NA","N","N","N","N","N","",""
"10-1371-journal-pbio-3003648from","10.1371/journal.pbio.3003648from","PLOS Biology","Citation: Horáček N, Lukšan O, Rebholz Z, Termites produce the most diverse array of terpenoids among terrestrial metazoans, Harant K, Pohl R, Mutabdžija-Nedelcheva L, comprising over 200 structures. However, their biosynthesis has not yet been eluci- et al. (2026) Expansion of the geranylgeranyl pyrophosphate synthase gene family underlies dated. Here, we identify a gene family which arose through a series of duplications the evolution of terpenoid biosynthesis in of geranylgeranyl pyrophosphate synthase in the common ancestor of Neoisoptera, termites. PLoS Biol 24(4): e3003648. https:// the terpene-producing termite lineage. We functionally characterized several proteins doi.org/10.1371/journal.pbio.3003648","Y","Y","Y","Y","Y","Y","N","N","N","N","N","N","N","Y","N","N","N","N","N","",""
"10-1371-journal-to","10.1371/journal.To","PLOS Biology","ture. Anticipated changes in climate may therefore have direct effects on senescence Citation: Tregenza T, Rodríguez-Muñoz R, in insects, or indirect effects via parental age. Similarly, although effects of inbreeding Ojanguren AF, Hopwood P, Boonekamp JJ are well studied in wild vertebrates, information about how matings between rela- (2026) Impacts of parental age and inbreeding on fitness in a wild insect. PLoS Biol 24(3): tives affect fitness in invertebrates comes almost exclusively from laboratory studies. e3003713. https://doi.org/10.1371/journal. To bridge the divide between field studies of vertebrates and laboratory studies of pbio.3003713 insects, we conducted an experiment using wild field crickets, Gryllus campestris.","Y","Y","Y","Y","Y","N","N","N","N","N","N","Y","N","Y","Y","Y","Y","Y","N","",""
"10-1371-journal-pbio-3003725","10.1371/journal.pbio.3003725","PLOS Biology","ommatidium produce most of the chitin, and preventing chitin synthesis by these Citation: Ghosh N, Rojo-Iost E, Treisman JE (2026) Curvature of the Drosophila corneal central cells reduced corneal lens curvature. Increasing chitin export from central lens depends on localized chitin secretion. cells increased the thickness of the central corneal lens, while increasing export from PLoS Biol 24(3): e3003725. https://doi. org/10.1371/journal.pbio.3003725 peripheral lattice cells made the edges thicker. The wild-type biconvex shape thus results from high levels of chitin production by central cells relative to peripheral cells, Academic Editor: François Schweisguth, Institut Pasteur, FRANCE indicating that localized chitin secretion is critical for normal corneal lens curvature.","Y","Y","Y","Y","Y","N","NA","N","N","N","Y","Y","N","NA","N","N","Y","N","N","",""
"10-1371-journal-pbio-3003797terparts","10.1371/journal.pbio.3003797terparts","PLOS Biology","Citation: Xu Y, Zeng W, Xiong G, Zheng Z, physalis longicornis. Rather than directly interacting with viral proteins, this proviral Wang J (2026) A non-canonical JAK/STAT effect is mediated by a low-density lipoprotein receptor-related protein (LRP), whose pathway promotes viral replication through expression is regulated by STAT. Silencing LRP in H. longicornis reduced LGTV the lipoprotein receptor-related protein in ticks. PLoS Biol 24(5): e3003797. https://doi. infection, while ectopic expression of LRP enhanced it. Unlike its mammalian coun- org/10.1371/journal.pbio.3003797 terparts, H. longicornis LRP lacks a transmembrane domain and localizes intracel- Academic Editor: Eng Eong Ooi, Duke-NUS lularly. Functionally, LRP promotes lipophagy, leading to lipid droplets breakdown","Y","Y","Y","Y","Y","N","N","Y","N","N","Y","Y","Y","NA","N","N","Y","Y","N","",""
"10-1371-journal-cotton","10.1371/journal.Cotton","PLOS ONE","Citation: Yalçin M (2026) Trade-offs in cotton density and diversity were assessed across taxonomic and community levels. The pest management: Seed treatments suppress dominant arthropod families recorded included Nabidae, Miridae, Anthocoridae, Asili- pests but reduce the abundance of natural dae, Chrysopidae, Cicadellidae, and Coccinellidae. Both seed treatments suppressed enemies in the arthropod community. PLoS One 21(4): e0346422. https://doi.org/10.1371/ key sucking pest groups, particularly Cicadellidae and Miridae; however, a significant journal.pone.0346422 reduction in predator abundance was also observed in treated plots. These findings","Y","N","Y","N","Y","NA","NA","N","N","N","NA","NA","NA","Y","N","N","N","N","N","",""
"10-1371-journal-pone-0346423","10.1371/journal.pone.0346423","PLOS ONE","relatively similar in shape. Using pigment templates, the measured curve for E. Citation: Allan SA (2026) Spectral sensitivity eluta was matched by pigment combinations with maximum sensitivity at 350, 430, and color discrimination of Euxesta eluta and Chaetopsis massyla (Diptera: Ulidiidae). PLoS 500 and 560 nm in a ratio of 25:21:25:29. Similarly, the curve for C. massyla was One 21(4): e0346423. https://doi.org/10.1371/ best matched by pigments with maximum sensitivity at 350, 430, 500 and 560 nm journal.pone.0346423 in a 28:18:27:27 ratio. Laboratory behavioral assays were conducted to evaluate if","Y","Y","Y","Y","Y","N","NA","N","Y","N","Y","Y","N","NA","Y","N","N","Y","N","",""
"10-1371-journal-pone-0347125","10.1371/journal.pone.0347125","PLOS ONE","Citation: Shah MMR, Munira MS, Hossen MF, six planting months over three consecutive years in the Old Himalayan Piedmont Watson A (2026) Planting time shapes fall Plain (AEZ 1), Bangladesh. Field experiments followed a split-plot design with sowing armyworm infestation dynamics and associated yield loss of maize in Bangladesh. PLoS One month as the main plot and treatment as the subplot. Two treatments were applied: 21(4): e0347125. https://doi.org/10.1371/ (i) IPM plots received seed treatment with cyantraniliprole followed by foliar applica- journal.pone.0347125 tions of biopesticides, and insecticides; and (ii) an untreated control. Leaf infestation","Y","Y","Y","Y","Y","NA","N","Y","N","N","Y","Y","NA","Y","Y","N","N","Y","N","",""
"10-1371-journal-pone-0350833","10.1371/journal.pone.0350833","PLOS ONE","vector of tick-borne disease. Measuring CO output of I. scapularis nymphs through Citation: Schofield S, Waters JS, DY Bandara 2 a flow-through respirometry system, we confirm discontinuous ventilation in nymphal YMN, Couret J (2026) Characterization of discontinuous ventilation cycles in nymphal I. scapularis, describe discontinuous ventilation cycles (DVCs), and explore the basis Ixodes scapularis. PLoS One 21(6): e0350833. of intraspecific variation rates of CO emission. Both the frequency of the ventilation https://doi.org/10.1371/journal.pone.0350833 2 cycle and the magnitude of CO emission bursts varied based on the developmental","Y","Y","Y","Y","Y","N","N","Y","N","N","Y","Y","Y","Y","N","N","N","N","N","",""
"10-1371-of","10.1371/of","PLOS ONE","by which these associations are sampled impacts our understanding of the system. Citation: Twombly Ellis J, Cirtwill AR, Ellis EE, The common ways to understand pollinator-plant or pollinator-plant-microbe asso- Roslin T, Wirta H (2026) Inferring plant-bee- microbe associations: Foragers, hive workers, ciations are to observe flower visits of insects, or to collect foraging individuals and and honey tell complementary stories. PLoS identify the pollen and microbes they carry. Honey bees offer a test case for methods One 21(7): e0351230. https://doi.org/10.1371/ of sampling these associations. Hives of managed honey bees host thousands of journal.pone.0351230 pollinator individuals together with jointly-collected nectar which is turned into honey.","Y","Y","Y","Y","Y","N","Y","Y","N","N","NA","NA","NA","Y","N","N","Y","N","N","",""
"10-1371-journal-pone-0353528tality","10.1371/journal.pone.0353528tality","PLOS ONE","We here investigate the effects of three fungicides commonly used in viticulture, two Citation: Yilmazer M, Bakenecker M, Busch R, sulphur- and one fluxapyroxad-based ones, on the cabbage white butterfly (Pieris Fuchs F, Hitzler A, Fischer K (2026) Exposure route mediates toxicological effects of sulphur rapae) under controlled laboratory conditions. Larvae were exposed to fungicides and fluxapyroxad fungicides in a non-target orally via treated host plants or by direct contact, and mortality and sublethal effects butterfly. PLoS One 21(7): e0353528. https:// were assessed during development. In our study, oral exposure did not increase mor- doi.org/10.1371/journal.pone.0353528 tality relative to controls. Regarding sublethal effects, larvae exposed orally to","Y","Y","Y","Y","Y","NA","Y","Y","N","N","Y","Y","Y","NA","Y","Y","Y","Y","N","",""
"10-1371-journal-pone-0353780midae","10.1371/journal.pone.0353780midae","PLOS ONE","Citation: Yim TTM, Zhou S, Wertman DL, ecosystems, (1) stand conditions influence beetle family bycatch diversity through Carroll AL (2026) Trap tales: The influence habitat and food availability, and (2) forest fragmentation influences beetle family of red alder stand conditions and forest diversity by altering habitat connectivity and patch size. We also evaluated how these fragmentation on family-level beetle bycatch diversity. PLoS One 21(7): e0353780. https:// factors affect abundances of select scolytine predatory families (Salpingidae, Monoto- doi.org/10.1371/journal.pone.0353780 midae, Nitidulidae, Staphylinidae, and Histeridae). Ethanol-baited multiple-funnel","Y","Y","Y","Y","Y","N","N","Y","N","N","NA","N","NA","Y","N","N","Y","N","N","",""
"10-1371-journal-we","10.1371/journal.we","PLOS ONE","gene repertoires associated with chemical and thermal detection in four deep-sea Citation: Chertemps T, Montagné N, Mathou shrimp species occupying different ecological niches at hydrothermal vents on the A, Léger N, Zbinden M, Ravaux J (2026) Mid-Atlantic Ridge: Rimicaris exoculata, Rimicaris chacei, Mirocaris fortunata, and The sensory gene repertoire of deep-sea hydrothermal shrimp. PLoS One 21(7): Alvinocaris markensis. Through de novo transcriptome assembly of sensory organs, e0354016. https://doi.org/10.1371/journal. we identified a great expansion of the variant Ionotropic Receptor (IR) family. Nota- pone.0354016 bly, we annotated 442 candidate IR transcripts in R. exoculata, the largest repertoire","Y","Y","Y","Y","Y","N","N","Y","N","N","NA","NA","NA","Y","N","N","Y","N","N","",""
"10-1098-rspb-2025-2263even","10.1098/rspb.2025.2263even","Proceedings of the Royal Society B","that larvae learn about the relative rather than the absolute values of both rewards and punishments, irrespective of the number and sequence of training trials. This suggests that relative value learning is a facility shared across the animal kingdom from maggots to humans and can Subject Category: be accomplished even by small insect brains. Given the potential of D. Neuroscience and cognition melanogaster as a model organism for in-depth neurobiological analyses, our study opens up an opportunity to reveal the detailed mechanisms underlying relative value learning. Subject Areas: behaviour, neuroscience","Y","Y","N","Y","Y","NA","N","N","N","N","Y","Y","N","NA","N","N","N","Y","N","",""
"10-1098-rspb-2025-2704could","10.1098/rspb.2025.2704could","Proceedings of the Royal Society B","Severe and widespread reductions in night-time activity of nocturnal moths under modern artificial lighting spectra","Y","Y","Y","Y","Y","NA","N","Y","N","N","N","Y","Y","Y","N","Y","Y","Y","Y","",""
"10-1098-rspb-2025-28377unaffiliated","10.1098/rspb.2025.28377Unaffiliated","Proceedings of the Royal Society B","CAC, 0000-0002-0305-1159; BHR, 0000-0002-1784-0466; H-JH, 0000-0002-4330-6507;","Y","Y","Y","Y","Y","NA","N","Y","N","N","N","N","NA","Y","N","N","N","Y","N","",""
"10-1098-rspb-2025-2891the","10.1098/rspb.2025.2891The","Proceedings of the Royal Society B","rely on awareness of the conditioned stimulus–unconditioned stimulus contingency during trace learning. Here, we extend this approach to reversal learning, which requires learning an initial discrimination (A+ B−) and subsequently learning the reversed contingencies (A−B+). Bees Subject Category: mastered olfactory reversal learning under both delay and trace protocols Neuroscience and cognition but acquisition was slower and less robust under trace than under delay conditioning. Introducing a visual distractor during the reversal Subject Areas: phase impaired performance in distinct ways. Delay-conditioned bees","Y","Y","Y","Y","Y","NA","NA","Y","N","N","Y","Y","Y","NA","Y","N","N","Y","Y","",""
"10-1098-rspb-2026-0308land-use","10.1098/rspb.2026.0308Land-use","Proceedings of the Royal Society B","Landscape context affects physiological but not genetic proxies of butterfly movement","Y","Y","Y","Y","Y","NA","N","N","N","N","Y","Y","Y","Y","N","N","Y","Y","N","",""
"10-1098-rspb-2026-0345","10.1098/rspb.2026.0345","Proceedings of the Royal Society B","RD, 0009-0006-0001-2492; IS, 0000-0002-3228-5480; SW, 0000-0002-2260-2948 When females mate with multiple males, ejaculates from different Subject Category: partners compete within the female reproductive tract. Males gain a Evolution competitive advantage by transferring seminal fluid proteins (Sfps) that manipulate female post-mating responses, such as reducing female propensity to remate. But in monandrous species, where females typically Subject Areas: mate only once, post-mating sexual selection is absent, raising questions evolution, behaviour, molecular biology about the complexity and identity of Sfps in monandrous seminal proteomes. To address this, we characterized the seminal proteome of","Y","Y","Y","Y","Y","Y","NA","Y","N","N","Y","Y","Y","NA","N","N","Y","Y","N","",""
"10-1098-rspb-2026-0609","10.1098/rspb.2026.0609","Proceedings of the Royal Society B","or no-contact to a single antenna under lower- and higher-stress environmental conditions and recorded grooming behaviour. Crickets were significantly more likely to groom the noxiously stimulated antenna and did so for longer than under control or tactile treatments. Grooming Subject Category: also showed a distinct temporal profile, with elevated activity sustained Behaviour across the early observation period. Environmental conditions and sex had no effect, indicating that self-protective grooming was expressed Subject Areas: consistently throughout. These findings provide robust evidence of","Y","Y","Y","Y","Y","NA","NA","Y","Y","Y","Y","Y","N","NA","N","Y","Y","Y","Y","",""
"10-1098-rspb-2026-0915information","10.1098/rspb.2026.0915information","Proceedings of the Royal Society B","the separation of signal from noise. While internally generated vibrations can be useful for proprioception, they potentially obscure the small displacements generated by substrate vibrations for exteroception. Here, we use a laser vibrometry dataset quantifying the dynamic response Subject Category: of the tarantula Grammostola pulchra to vibrational input at 50 points Morphology and biomechanics across its legs and body to examine relative motion in a single axis, enabling us to infer leg biomechanics and test whether these behave rigidly as vibrations are transmitted through the body. We show that the","Y","Y","Y","Y","Y","NA","Y","Y","N","N","Y","Y","Y","NA","N","N","N","Y","N","",""
"10-1098-rsos-251537","10.1098/rsos.251537","Royal Society Open Science","United States, suggesting some migrants break diapause to drop out and breed. Elevated temperatures and tropical Subject Category: milkweed may each trigger reproductive development during Ecology, conservation, and global change biology migration, potentially driving this dropout. Understanding which factor is of greater influence is critical for conservation, as the corresponding management strategies Subject Areas: may be at odds. To assess their relative influence, we","Y","Y","Y","Y","Y","NA","N","Y","N","N","Y","Y","Y","NA","Y","N","Y","Y","N","",""
"10-1098-rsos-251953lat","10.1098/rsos.251953LAT","Royal Society Open Science","on the same cue in multiple contexts might be a solution to this problem. This solution has been suggested by findings Subject Category: from research on Evarcha culicivora, a mosquito-specialist Organismal and evolutionary biology jumping spider in which both sexes rely on red-coloured cues in the context of identifying blood-carrying Anopheles mosquitoes as preferred prey. In a second context, males Subject Areas: also attend to the red-coloured faces of other males that cognition, behaviour, evolution are displayed in male–male interactions. Here, as a third context, we present evidence that the presence of a male’s","Y","Y","Y","Y","Y","Y","NA","Y","N","Y","Y","N","N","NA","N","N","Y","Y","Y","",""
"10-1098-rsos-251992","10.1098/rsos.251992","Royal Society Open Science","between two conspecific adults that involves the exclusion of rivals. While extensively studied in vertebrates, Subject Category: experimental evidence for partner-specific behavioural Ecology, conservation, and global change biology selectivity in invertebrates remains extremely limited. Among invertebrates, the wood-feeding cockroach Salganea taiwanensis has been proposed as a particularly strong candidate for Subject Areas: exhibiting pair-associated social behaviour based on its behaviour unique mating ecology. Here, we show that mating pairs of S. taiwanensis exhibit exclusive rejection of potential alternative mates following pair formation through their","Y","Y","Y","Y","Y","NA","N","N","N","N","Y","Y","Y","Y","N","N","N","Y","Y","",""
"10-1098-rsos-260045","10.1098/rsos.260045","Royal Society Open Science","VP-G, 0009-0007-7403-347X; MEH, 0000-0001-5071-2952; LS-R, 0000-0003-0196-5069 Subject Category: Organismal and evolutionary biology Crab spiders (Thomisidae) are well-known predators, typically ambushing prey upon flowers and other plants. This style of predation suggests a potential benefit from vision in prey Subject Areas: capture by crab spiders despite their comparatively small eyes. behaviour, ecology, neuroscience","Y","Y","Y","Y","Y","Y","N","Y","N","N","Y","Y","Y","Y","N","Y","Y","Y","N","",""
"10-1098-rsos-260247izwc","10.1098/rsos.260247IZWC","Royal Society Open Science","on coated leaves, or simply via haemolymph transfusions from an IAA-fed animal, and transmit this preference to Subject Category: their naive offspring. How insects transmit food odour Organismal and evolutionary biology preferences acquired during the larval stage to their offspring is unknown. Here we explore how larvae respond to different concentrations of IAA using olfaction choice tests, and how Subject Areas: injections of different concentrations of IAA directly into behaviour the haemolymph impact odour learning and transmission of learned preferences. We find that naive larvae showed a slight preference towards low concentrations of IAA, and a slight","Y","Y","Y","Y","Y","Y","NA","N","Y","N","Y","Y","N","NA","Y","Y","N","Y","N","",""
"10-1098-rsos-260277as","10.1098/rsos.260277as","Royal Society Open Science","duration of pathogen exposure, may be colony-specific and shaped by trade-offs. To investigate colony-specificity of Subject Category: sanitary responses, we divided Myrmica rubra ant nests into two sister colonies exposed to either a fixed or removable Organismal and evolutionary biology pathogen load, where workers were forced to respectively coexist with nestmate cadavers or could discard them. While Subject Areas: sister colonies exhibited similar performance in tolerance- behaviour, ecology, immunology related behaviours, they differed in resistance responses. Under severe pathogenic risk (sporulating cadavers), workers","Y","Y","Y","Y","Y","N","Y","Y","N","Y","Y","Y","N","NA","Y","Y","Y","Y","Y","",""
"10-1098-rsos-260534","10.1098/rsos.260534","Royal Society Open Science","to adapt to a wide range of ecological niches. In contrast, cuticular remodelling is generally thought to cease after Subject Category: adult emergence, raising the question of how mature Organismal and evolutionary biology insects respond to damage to their exoskeleton. To address this fundamental issue, we used an interdisciplinary experimental approach combining biomechanics, quantitative Subject Areas: image analysis and molecular biology to investigate the biomaterials, biomechanics, genetics response of mature Locusta migratoria to cuticular injury. We show that deep tibial wounds penetrating the epidermis","Y","Y","Y","Y","Y","N","Y","N","N","N","Y","Y","Y","NA","Y","Y","N","Y","N","",""
"10-1098-rsos-260427drosophila","10.1098/rsos.260427Drosophila","Royal Society Open Science","tential disease therapeutics is limited by several confounding effects on drug efficacy, including reduced ingestion owing Subject Category: to drug unpalatability or limited uptake from the intestine, Biochemistry, Cellular and Molecular Biology particularly in adult flies. We propose here that liposome- mediated drug delivery can overcome these limitations. We demonstrate using fluorescently labelled liposomes that adult Subject Areas: flies will readily consume liposomes which then effectively physiology, behaviour, genetics cross the intestinal epithelium to distribute their cargo to","Y","Y","Y","Y","Y","Y","NA","Y","N","N","Y","Y","Y","NA","N","Y","N","Y","Y","",""
"sci-reports-s41598-026-45470-9","","Scientific Reports","OPEN Effects of wet grassland abandonment on invertebrate communities","Y","Y","Y","Y","Y","NA","N","Y","N","N","NA","NA","NA","Y","N","N","Y","N","N","",""
"sci-reports-s41598-026-50056-6","","Scientific Reports","OPEN Effects of novaluron exposure on cocooning and transcriptional changes of genes in silk gland of silkworm, Bombyx mori","Y","Y","Y","Y","Y","N","NA","N","N","N","Y","Y","N","NA","Y","Y","N","N","N","",""
"10-1038-s41598-026-52009-5","10.1038/s41598-026-52009-5","Scientific Reports","OPEN Comparative bio-efficacy and molecular insights of North- Western Himalayan conifers, Cedrus deodara and Juniperus macropoda essential oils against two storage insect pests","Y","Y","Y","Y","Y","NA","N","N","N","N","Y","Y","N","NA","N","N","N","Y","N","",""
"10-1038-s41598-026-52467-x","10.1038/s41598-026-52467-x","Scientific Reports","OPEN Effects of chilling, fluorescent dust marking, and X-ray irradiation on the quality of male Anopheles arabiensis for sterile insect technique applications","Y","Y","Y","Y","Y","Y","N","N","N","N","Y","Y","N","NA","Y","N","N","Y","Y","",""
"10-1038-s41598-026-55952-5article","10.1038/s41598-026-55952-5Article","Scientific Reports","We are providing an unedited version of this manuscript to give early access to its findings. Before final publication, the manuscript will undergo further editing. Please Cite this article as: İlçin M. Orthoptera S note there may be errors present which affect the content, and all legal disclaimers as emerging nutritional resources: apply. E comparative analysis of protein and mineral composition. Sci Rep If this paper is publishing under a Transparent Peer Review model then Peer","Y","Y","Y","Y","Y","N","N","N","N","N","N","N","N","Y","N","N","N","N","N","",""
"10-1038-s41598-026-59408-8article","10.1038/s41598-026-59408-8Article","Scientific Reports","Katarzyna Rozpędek, Ewa Świerczek & Andrzej Kędziorski Cite this article as: Augustyniak M., S Malicka M., Flasz B. et al. Long-term We are providing an unedited version of this manuscript to give early access to its selection for extended lifespan reshapes findings. Before final publication, the manuscript will undergo further editing. Please host physiology and gut microbiome note there may be errors present which affect the content, and all legal disclaimers structure in an insect model. Sci Rep apply.","Y","Y","Y","Y","Y","Y","N","N","N","N","Y","Y","N","NA","Y","Y","Y","Y","N","",""
"10-1038-s41598-026-59909-6article","10.1038/s41598-026-59909-6Article","Scientific Reports","Cite this article as: Medina-Litardo R.C., We are providing an unedited veRrsion of this manuscript to give early access to its Pérez-Almeida I., Vera-Oyague M. et al. findings. Before final publicaPtion, the manuscript will undergo further editing. Please Cocoa agroecosystems embedded note there may be errors p resent which affect the content, and all legal disclaimers in a neotropical Ramsar wetland apply. support arthropod diversity and","Y","N","Y","Y","Y","NA","N","N","N","N","NA","NA","NA","Y","N","N","Y","N","N","",""
"10-1038-s41598-026-63015-yarticle","10.1038/s41598-026-63015-yArticle","Scientific Reports","Cite this article as: Tanka D.V., We are providing an unedited veRrsion of this manuscript to give early access to its Mutamiswa R., Coombes C.A. et al. Heat findings. Before final publicaPtion, the manuscript will undergo further editing. Please tolerance and thermal safety margins note there may be errors p resent which affect the content, and all legal disclaimers differentially influence the performance apply. of co-occurring mealybug species","Y","Y","Y","Y","Y","N","Y","N","Y","N","Y","Y","Y","Y","N","N","N","Y","Y","",""
